{
  "faithfulness_score": 0.2910066984593868,
  "answer_relevancy_score": 0.8204143896698952
}