{
  "em": 0,
  "sm": 0.7333333333333333,
  "f1": 0.18898146515793574,
  "faithfulness_score": 0.2553492826720079,
  "answer_relevancy_score": 0.8270751138528188
}