{
  "faithfulness_score": 0.2816686471303304,
  "answer_relevancy_score": 0.6876964474717776
}