{
  "em": 0.8666666666666667,
  "sm": 0.9,
  "f1": 0.8944444444444445,
  "faithfulness_score": 0.24922351489464442,
  "answer_relevancy_score": 0.6638120621442795
}